EAST,north,DZ
1753827.876,5920807.597,6.3568
1753828.384,5920808.124,5.972459244
1753828.892,5920808.65,5.355235864
1753829.4,5920809.177,4.679746947
1753829.908,5920809.703,3.966952066
1753830.417,5920810.23,3.229381116
1753830.925,5920810.756,2.474734983
1753831.433,5920811.283,1.707916669
1753831.941,5920811.809,0.960412494
1753832.449,5920812.335,0.78459926
1753832.957,5920812.862,0.607620043
1753827.896,5920807.628,6.3568
1753828.53,5920808.084,5.810697488
1753829.163,5920808.54,5.072835326
1753829.796,5920808.997,4.294634486
1753830.43,5920809.453,3.491518178
1753831.063,5920809.909,2.672158725
1753831.697,5920810.365,1.841707511
1753832.33,5920810.821,1.003382195
1753832.963,5920811.278,0.786759486
1753833.597,5920811.734,0.596126161
1753834.23,5920812.19,0.404738612
1753827.895,5920807.612,6.3568
1753828.604,5920807.879,5.722660163
1753829.314,5920808.147,4.935796332
1753830.023,5920808.414,4.131409446
1753830.733,5920808.681,3.316236174
1753831.443,5920808.949,2.493992968
1753832.152,5920809.216,1.66688067
1753832.862,5920809.483,0.938869708
1753833.571,5920809.751,0.751666919
1753834.281,5920810.018,0.564023103
1753834.991,5920810.285,0.3760364
1753827.847,5920807.628,6.3568
1753828.119,5920807.478,6.206285374
1753828.391,5920807.329,5.875141438
1753828.663,5920807.179,5.541490748
1753828.935,5920807.03,5.205905615
1753829.207,5920806.88,4.868798538
1753829.479,5920806.731,4.530473729
1753829.751,5920806.581,4.191160122
1753830.023,5920806.432,3.851033104
1753830.295,5920806.282,3.510229196
1753830.567,5920806.132,3.168856176
1753811.86,5920786.61,0.023092343
1753813.86,5920786.61,0.203294179
1753815.86,5920786.61,0.298301478
1753817.86,5920786.61,0.298782807
1753819.86,5920786.61,0.204687631
1753821.86,5920786.61,0.025269839
1753809.86,5920788.61,0.177681951
1753811.86,5920788.61,0.464337162
1753813.86,5920788.61,0.679982226
1753815.86,5920788.61,0.79635235
1753817.86,5920788.61,0.796947361
1753819.86,5920788.61,0.681674331
1753821.86,5920788.61,0.466908603
1753823.86,5920788.61,0.176034183
1753807.86,5920790.61,0.281651022
1753809.86,5920790.61,0.580074191
1753811.86,5920790.61,0.878497359
1753813.86,5920790.61,1.745453865
1753815.86,5920790.61,2.410587716
1753817.86,5920790.61,2.414050964
1753819.86,5920790.61,1.754966127
1753821.86,5920790.61,0.880734973
1753823.86,5920790.61,0.538452651
1753825.86,5920790.61,0.148088445
1753803.86,5920792.61,0.087196924
1753805.86,5920792.61,0.385620093
1753807.86,5920792.61,0.684043261
1753809.86,5920792.61,1.030315318
1753811.86,5920792.61,2.358507298
1753813.86,5920792.61,3.683308394
1753815.86,5920792.61,4.600412194
1753817.86,5920792.61,4.605396723
1753819.86,5920792.61,3.695947362
1753821.86,5920792.61,2.202399107
1753823.86,5920792.61,0.84917551
1753825.86,5920792.61,0.447571401
1753827.86,5920792.61,0.045967292
1753801.86,5920794.61,0.191165995
1753803.86,5920794.61,0.489589163
1753805.86,5920794.61,0.788012332
1753807.86,5920794.61,1.493050455
1753809.86,5920794.61,2.821242435
1753811.86,5920794.61,4.149434415
1753813.86,5920794.61,5.477626395
1753815.86,5920794.61,6.3568
1753817.86,5920794.61,6.3568
1753819.86,5920794.61,5.343227876
1753821.86,5920794.61,3.557405594
1753823.86,5920794.61,1.769986207
1753825.86,5920794.61,0.747054357
1753827.86,5920794.61,0.345450248
1753799.86,5920796.61,0.295135065
1753801.86,5920796.61,0.593558234
1753803.86,5920796.61,0.891981402
1753805.86,5920796.61,1.955785592
1753807.86,5920796.61,3.283977572
1753809.86,5920796.61,4.612169552
1753811.86,5920796.61,5.940361532
1753813.86,5920796.61,6.3568
1753815.86,5920796.61,6.3568
1753817.86,5920796.61,6.3568
1753819.86,5920796.61,6.3568
1753821.86,5920796.61,4.890314371
1753823.86,5920796.61,3.102894984
1753825.86,5920796.61,1.315475596
1753827.86,5920796.61,0.644933204
1753829.86,5920796.61,0.243329095
1753797.86,5920798.61,0.343058883
1753799.86,5920798.61,0.693667343
1753801.86,5920798.61,1.090328749
1753803.86,5920798.61,2.418520729
1753805.86,5920798.61,3.746712709
1753807.86,5920798.61,5.074904689
1753809.86,5920798.61,6.3568
1753811.86,5920798.61,6.3568
1753813.86,5920798.61,6.3568
1753819.86,5920798.61,6.3568
1753821.86,5920798.61,6.223223148
1753823.86,5920798.61,4.43580376
1753825.86,5920798.61,2.648384373
1753827.86,5920798.61,0.94441616
1753829.86,5920798.61,0.542812051
1753831.86,5920798.61,0.141207941
1753795.86,5920800.61,0.204779392
1753797.86,5920800.61,0.643185611
1753799.86,5920800.61,1.329324818
1753801.86,5920800.61,2.880207357
1753803.86,5920800.61,4.209447846
1753805.86,5920800.61,5.537639826
1753807.86,5920800.61,6.3568
1753809.86,5920800.61,6.3568
1753811.86,5920800.61,6.3568
1753819.86,5920800.61,6.3568
1753821.86,5920800.61,6.3568
1753823.86,5920800.61,5.768712537
1753825.86,5920800.61,3.98129315
1753827.86,5920800.61,2.193873762
1753829.86,5920800.61,0.842295007
1753831.86,5920800.61,0.440690898
1753833.86,5920800.61,0.039086788
1753795.86,5920802.61,0.38602213
1753797.86,5920802.61,0.862963525
1753799.86,5920802.61,2.554676418
1753801.86,5920802.61,4.463770119
1753803.86,5920802.61,6.000374962
1753805.86,5920802.61,6.3568
1753807.86,5920802.61,6.3568
1753821.86,5920802.61,6.3568
1753823.86,5920802.61,6.3568
1753825.86,5920802.61,5.314201926
1753827.86,5920802.61,3.526782539
1753829.86,5920802.61,1.739363152
1753831.86,5920802.61,0.740173854
1753833.86,5920802.61,0.329882128
1753795.86,5920804.61,0.47577385
1753797.86,5920804.61,0.996009914
1753799.86,5920804.61,3.210658289
1753801.86,5920804.61,5.409286149
1753803.86,5920804.61,6.3568
1753805.86,5920804.61,6.3568
1753823.86,5920804.61,6.3568
1753825.86,5920804.61,6.3568
1753827.86,5920804.61,4.859691316
1753829.86,5920804.61,3.071973546
1753831.86,5920804.61,1.168462026
1753833.86,5920804.61,0.556663089
1753835.86,5920804.61,0.084795374
1753795.86,5920806.61,0.463924698
1753797.86,5920806.61,0.959868394
1753799.86,5920806.61,3.121655878
1753801.86,5920806.61,5.274695021
1753803.86,5920806.61,6.3568
1753805.86,5920806.61,6.3568
1753825.86,5920806.61,6.3568
1753827.86,5920806.61,6.153504747
1753829.86,5920806.61,4.085079059
1753831.86,5920806.61,1.92567585
1753833.86,5920806.61,0.691412023
1753835.86,5920806.61,0.19597642
1753795.86,5920808.61,0.351888528
1753797.86,5920808.61,0.821005903
1753799.86,5920808.61,2.314960844
1753801.86,5920808.61,4.150969578
1753803.86,5920808.61,5.916986646
1753805.86,5920808.61,6.3568
1753807.86,5920808.61,6.3568
1753825.86,5920808.61,6.3568
1753827.86,5920808.61,6.3568
1753829.86,5920808.61,4.292178663
1753831.86,5920808.61,2.073043234
1753833.86,5920808.61,0.717063491
1753835.86,5920808.61,0.216897138
1753795.86,5920810.61,0.151866452
1753797.86,5920810.61,0.580275449
1753799.86,5920810.61,1.023814167
1753801.86,5920810.61,2.789831235
1753803.86,5920810.61,4.555848302
1753805.86,5920810.61,6.32186537
1753807.86,5920810.61,6.3568
1753821.86,5920810.61,18.6122
1753823.86,5920810.61,18.6122
1753825.86,5920810.61,6.3568
1753827.86,5920810.61,5.433272689
1753829.86,5920810.61,3.608949648
1753831.86,5920810.61,1.576846123
1753833.86,5920810.61,0.629925339
1753835.86,5920810.61,0.145504365
1753797.86,5920812.61,0.278384689
1753799.86,5920812.61,0.675180045
1753801.86,5920812.61,1.428692891
1753803.86,5920812.61,3.194709959
1753805.86,5920812.61,4.960727027
1753807.86,5920812.61,6.3568
1753809.86,5920812.61,6.3568
1753811.86,5920812.61,18.6122
1753813.86,5920812.61,18.6122
1753815.86,5920812.61,18.6122
1753817.86,5920812.61,18.6122
1753819.86,5920812.61,18.6122
1753821.86,5920812.61,18.6122
1753823.86,5920812.61,18.4578862
1753825.86,5920812.61,4.707564006
1753827.86,5920812.61,3.680026688
1753829.86,5920812.61,2.28094823
1753831.86,5920812.61,0.872830403
1753833.86,5920812.61,0.441936256
1753799.86,5920814.61,0.369354364
1753801.86,5920814.61,0.76614972
1753803.86,5920814.61,1.833571616
1753805.86,5920814.61,3.599588684
1753807.86,5920814.61,6.599602641
1753809.86,5920814.61,14.38036675
1753811.86,5920814.61,18.6122
1753813.86,5920814.61,18.6122
1753815.86,5920814.61,18.6122
1753817.86,5920814.61,18.6122
1753819.86,5920814.61,18.52923498
1753821.86,5920814.61,16.89587861
1753823.86,5920814.61,15.26252224
1753825.86,5920814.61,13.62916587
1753827.86,5920814.61,1.707540079
1753829.86,5920814.61,0.883351874
1753831.86,5920814.61,0.555060974
1753833.86,5920814.61,0.173837573
1753799.86,5920816.61,0.063528682
1753801.86,5920816.61,0.460324038
1753803.86,5920816.61,0.857119394
1753805.86,5920816.61,3.413509529
1753807.86,5920816.61,8.054942705
1753809.86,5920816.61,13.74201471
1753811.86,5920816.61,16.35350496
1753813.86,5920816.61,16.22086581
1753815.86,5920816.61,16.08822667
1753817.86,5920816.61,15.95558753
1753819.86,5920816.61,15.28971765
1753821.86,5920816.61,13.70051465
1753823.86,5920816.61,12.06715828
1753825.86,5920816.61,10.43380191
1753827.86,5920816.61,0.688513043
1753829.86,5920816.61,0.459315238
1753831.86,5920816.61,0.181657836
1753801.86,5920818.61,0.154498357
1753803.86,5920818.61,1.404691312
1753805.86,5920818.61,3.642625611
1753807.86,5920818.61,7.148517527
1753809.86,5920818.61,11.03843028
1753811.86,5920818.61,12.76733559
1753813.86,5920818.61,12.63469645
1753815.86,5920818.61,12.50205731
1753817.86,5920818.61,12.36941817
1753819.86,5920818.61,11.88333183
1753821.86,5920818.61,10.50515069
1753823.86,5920818.61,8.871794317
1753825.86,5920818.61,7.238437947
1753827.86,5920818.61,5.605081576
1753829.86,5920818.61,0.014456386
1753799.86,5920820.61,0.016665649
1753801.86,5920820.61,0.36696612
1753803.86,5920820.61,1.424954468
1753805.86,5920820.61,3.258802748
1753807.86,5920820.61,5.589448562
1753809.86,5920820.61,8.056760884
1753811.86,5920820.61,9.181166222
1753813.86,5920820.61,9.048527081
1753815.86,5920820.61,8.91588794
1753817.86,5920820.61,8.7832488
1753819.86,5920820.61,8.398475839
1753821.86,5920820.61,7.282110202
1753823.86,5920820.61,5.676430357
1753825.86,5920820.61,4.043073987
1753827.86,5920820.61,2.78397788
1753801.86,5920822.61,0.229562752
1753803.86,5920822.61,0.927957387
1753805.86,5920822.61,1.975919335
1753807.86,5920822.61,3.520497875
1753809.86,5920822.61,4.98826082
1753811.86,5920822.61,5.594996855
1753813.86,5920822.61,5.462357714
1753815.86,5920822.61,5.329718573
1753817.86,5920822.61,5.197079433
1753819.86,5920822.61,4.876526663
1753821.86,5920822.61,3.948934424
1753823.86,5920822.61,2.837022914
1753825.86,5920822.61,1.622686193
1753827.86,5920822.61,0.408349473
1753803.86,5920824.61,0.113038963
1753805.86,5920824.61,0.791993186
1753807.86,5920824.61,1.561151374
1753809.86,5920824.61,2.24249178
1753811.86,5920824.61,2.485931714
1753813.86,5920824.61,2.387319689
1753815.86,5920824.61,2.288707664
1753817.86,5920824.61,2.190095639
1753819.86,5920824.61,1.984420148
1753821.86,5920824.61,1.395701915
1753823.86,5920824.61,0.44519138
